{"cameraMode":{"drawMode":0,"name":"Shaded","section":"Shading Mode"},"sceneLighting":false,"audioPlay":false,"sceneViewState":{"showFog":true,"showMaterialUpdate":false,"showSkybox":false,"showFlares":true,"showImageEffects":true,"showParticleSystems":true,"showVisualEffectGraphs":true,"m_FxEnabled":true},"in2DMode":false,"pivot":{"x":-3.2439210414886476,"y":2.7424259185791017,"z":0.34865719079971316},"rotation":{"x":0.551694929599762,"y":-0.002502129413187504,"z":0.001655090949498117,"w":0.8340404629707336},"size":4.758040428161621,"orthographic":true}