{"cameraMode":{"drawMode":0,"name":"Shaded","section":"Shading Mode"},"sceneLighting":false,"audioPlay":false,"sceneViewState":{"showFog":true,"showMaterialUpdate":false,"showSkybox":false,"showFlares":true,"showImageEffects":true,"showParticleSystems":true,"showVisualEffectGraphs":true,"m_FxEnabled":true},"in2DMode":false,"pivot":{"x":-0.29302000999450686,"y":0.35311031341552737,"z":-0.20875787734985352},"rotation":{"x":-0.0017636450938880444,"y":-0.9730902314186096,"z":-0.00728962616994977,"w":0.23039190471172334},"size":3.6209428310394289,"orthographic":true}