{"cameraMode":{"drawMode":0,"name":"Shaded","section":"Shading Mode"},"sceneLighting":false,"audioPlay":false,"sceneViewState":{"showFog":true,"showMaterialUpdate":false,"showSkybox":false,"showFlares":true,"showImageEffects":true,"showParticleSystems":true,"showVisualEffectGraphs":true,"m_FxEnabled":true},"in2DMode":false,"pivot":{"x":11.177655220031739,"y":1.7248761653900147,"z":12.963981628417969},"rotation":{"x":0.23476392030715943,"y":-0.014582240022718907,"z":0.0035184791777282955,"w":0.9719471335411072},"size":0.8660253882408142,"orthographic":true}